{
    "end_time": 1522710303.877459, 
    "mu_round_error": 1000.0, 
    "start_time": 1522710303.535457, 
    "std_round_error": 0.0, 
    "total_round_error": 952000.0, 
    "total_round_error_sq": 952000000.0, 
    "total_rounds": 952.0
}